[
  {
    "Guid": "8328d428-7f22-4dba-a31a-cc56ac27e16e",
    "Name": "StartNewWorkflowAction",
    "Description": "",
    "Assembly": "WebCon.BpsExt.Training",
    "Class": "WebCon.BpsExt.Training.CustomActions.StartNewWorkflowAction",
    "Type": "CustomAction"
  },
  {
    "Guid": "7bd24892-282e-42c8-8d5b-13163c0a5ba4",
    "Name": "RegisterWorkerRequest",
    "Description": "",
    "Assembly": "WebCon.BpsExt.Training",
    "Class": "WebCon.BpsExt.Training.CustomActions.RegisterWorkerRequest",
    "Type": "CustomAction"
  },
  {
    "Guid": "a266226e-775e-4f77-976d-2f2a3c9934eb",
    "Name": "ValidateWorkerRequest",
    "Description": "",
    "Assembly": "WebCon.BpsExt.Training",
    "Class": "WebCon.BpsExt.Training.CustomActions.ValidateWorkerRequest",
    "Type": "CustomAction"
  }
  //{
  //  "Guid": "10356cc1-b08f-4300-ab35-b529ee6d1f54",
  //  "Name": "Sample standard action",
  //  "Description": "",
  //  "Assembly": "WebCon.BpsExt.Training",
  //  "Class": "WebCon.BpsExt.Training.CustomActions.StandardActionSample",
  //  "Type": "CustomAction"
  //},
  //{
  //  "Guid": "74b49ce8-e714-4cf0-8d53-7d38f9195ad9",
  //  "Name": "Sample business rule",
  //  "Description": "",
  //  "Assembly": "WebCon.BpsExt.Training",
  //  "Class": "WebCon.BpsExt.Training.CustomBusinessRules.BusinessRuleSample",
  //  "Type": "CustomBusinessRule"
  //},
  //{
  //  "Guid": "8e58bbe7-e165-4bd4-a258-60bdd1dbafbc",
  //  "Name": "Sample custom control",
  //  "Description": "",
  //  "Assembly": "WebCon.BpsExt.Training",
  //  "Class": "WebCon.BpsExt.Training.CustomControls.ControlLogicSample",
  //  "SPUrl": "/_layouts/...",
  //  "Type": "CustomFormField"
  //},
  //{
  //  "Guid": "3fc46122-94ba-4474-af1e-4fc415c03418",
  //  "Name": "Sample custom control without logic",
  //  "Description": "SharePoint control without defined TValue, and without logic class",
  //  "SPUrl": "/_layouts/...",
  //  "Type": "CustomFormField"
  //},
  //{
  //  "Guid": "c8824e97-e04a-48e8-a5b8-2fe942943810",
  //  "Name": "Sample data source",
  //  "Description": "",
  //  "Assembly": "WebCon.BpsExt.Training",
  //  "Class": "WebCon.BpsExt.Training.CustomDataSources.DataSourceSample",
  //  "Type": "CustomDataSource"
  //},
  //{
  //  "Guid": "6b8cc0b0-d98f-4dd0-aa24-3f8e9c730b7d",
  //  "Name": "Sample label template",
  //  "Description": "",
  //  "Assembly": "WebCon.BpsExt.Training",
  //  "Class": "WebCon.BpsExt.Training.CustomLabelTemplates.LabelTemplateSample",
  //  "Type": "CustomLabelPrint"
  //},
  //{
  //  "Guid": "d4631d10-9bfc-4f3f-ac87-f8a4b06ea5eb",
  //  "Name": "Sample form field extension",
  //  "Description": "",
  //  "Assembly": "WebCon.BpsExt.Training",
  //  "Class": "WebCon.BpsExt.Training.FormFieldExtensions.FormFieldLogicSample",
  //  "SPUrl": "/_layouts/...",
  //  "Type": "FormFieldExtension"
  //},
  //{
  //  "Guid": "cba5805b-768c-4de4-8ea0-c408ed1d752c",
  //  "Name": "Sample form field extension without logic",
  //  "Description": "SharePoint form field control without defined TValue, and without logic class",
  //  "SPUrl": "/_layouts/...",
  //  "Type": "FormFieldExtension"
  //},
  //{
  //  "Guid": "dedb5a35-1533-4519-abd2-db35f238e972",
  //  "Name": "Sample items list extension",
  //  "Description": "",
  //  "Assembly": "WebCon.BpsExt.Training",
  //  "Class": "WebCon.BpsExt.Training.ItemsListExtensions.ItemsListSample",
  //  "SPAssembly": "",
  //  "SPClass" :  "",
  //  "Type": "ItemListExtension"
  //},
  //{
  //  "Guid": "4600fe37-1e2f-4eea-b794-21cb8f301d79",
  //  "Name": "Sample items list extension - only logic class",
  //  "Description": "Item list extension with standard appearance and modified logic",
  //  "Assembly": "WebCon.BpsExt.Training",
  //  "Class": "WebCon.BpsExt.Training.ItemsListExtensions.ItemsListSample",
  //  "Type": "ItemListExtension"
  //}
]